<?xml version="1.0" encoding="UTF-8"?>
<project-private xmlns="http://www.netbeans.org/ns/project-private/1">
    <data xmlns="http://www.netbeans.org/ns/make-project-private/1">
        <activeConfTypeElem>1</activeConfTypeElem>
        <activeConfIndexElem>0</activeConfIndexElem>
    </data>
    <editor-bookmarks xmlns="http://www.netbeans.org/ns/editor-bookmarks/2" lastBookmarkId="0"/>
    <open-files xmlns="http://www.netbeans.org/ns/projectui-open-files/2">
        <group>
            <file>file:/home/reko98/repos/Metodologia-de-la-Programacion/Practica-MPalabrados/MPalabrados1/src/bag.cpp</file>
            <file>file:/home/reko98/repos/Metodologia-de-la-Programacion/Practica-MPalabrados/MPalabrados1/src/main.cpp</file>
            <file>file:/home/reko98/repos/Metodologia-de-la-Programacion/Practica-MPalabrados/MPalabrados1/include/mi_random.h</file>
            <file>file:/home/reko98/repos/Metodologia-de-la-Programacion/Practica-MPalabrados/MPalabrados1/include/bag.h</file>
            <file>file:/home/reko98/repos/Metodologia-de-la-Programacion/Practica-MPalabrados/MPalabrados1/include/player.h</file>
            <file>file:/home/reko98/repos/Metodologia-de-la-Programacion/Practica-MPalabrados/local/include/wordlist.h</file>
            <file>file:/home/reko98/repos/Metodologia-de-la-Programacion/Practica-MPalabrados/local/include/language.h</file>
            <file>file:/home/reko98/repos/Metodologia-de-la-Programacion/Practica-MPalabrados/MPalabrados1/src/player.cpp</file>
        </group>
    </open-files>
</project-private>
